-- +goose Up
-- +goose StatementBegin

INSERT INTO product (uuid, name, product_code, customer_cost) VALUES
                                                                  ('00000000-0000-0000-0000-000000000001', 'Wireless Mouse', '10000000-0000-0000-0000-000000000001', 25.99),
                                                                  ('00000000-0000-0000-0000-000000000002', 'USB Keyboard', '10000000-0000-0000-0000-000000000002', 19.49),
                                                                  ('00000000-0000-0000-0000-000000000003', 'HD Monitor', '10000000-0000-0000-0000-000000000003', 129.99),
                                                                  ('00000000-0000-0000-0000-000000000004', 'Laptop Stand', '10000000-0000-0000-0000-000000000004', 32.00),
                                                                  ('00000000-0000-0000-0000-000000000005', 'USB-C Hub', '10000000-0000-0000-0000-000000000005', 45.00),
                                                                  ('00000000-0000-0000-0000-000000000006', 'External HDD 1TB', '10000000-0000-0000-0000-000000000006', 59.90),
                                                                  ('00000000-0000-0000-0000-000000000007', 'SSD 512GB', '10000000-0000-0000-0000-000000000007', 74.90),
                                                                  ('00000000-0000-0000-0000-000000000008', 'Gaming Chair', '10000000-0000-0000-0000-000000000008', 210.00),
                                                                  ('00000000-0000-0000-0000-000000000009', 'Office Desk', '10000000-0000-0000-0000-000000000009', 180.00),
                                                                  ('00000000-0000-0000-0000-000000000010', 'Notebook', '10000000-0000-0000-0000-000000000010', 3.50),
                                                                  ('00000000-0000-0000-0000-000000000011', 'Pen Set', '10000000-0000-0000-0000-000000000011', 6.99),
                                                                  ('00000000-0000-0000-0000-000000000012', 'Mechanical Keyboard', '10000000-0000-0000-0000-000000000012', 88.88),
                                                                  ('00000000-0000-0000-0000-000000000013', 'Ergonomic Mousepad', '10000000-0000-0000-0000-000000000013', 12.50),
                                                                  ('00000000-0000-0000-0000-000000000014', 'Webcam HD', '10000000-0000-0000-0000-000000000014', 47.99),
                                                                  ('00000000-0000-0000-0000-000000000015', 'Bluetooth Speaker', '10000000-0000-0000-0000-000000000015', 39.99),
                                                                  ('00000000-0000-0000-0000-000000000016', 'Smartphone Stand', '10000000-0000-0000-0000-000000000016', 15.00),
                                                                  ('00000000-0000-0000-0000-000000000017', 'Ethernet Cable', '10000000-0000-0000-0000-000000000017', 5.99),
                                                                  ('00000000-0000-0000-0000-000000000018', 'Wi-Fi Adapter', '10000000-0000-0000-0000-000000000018', 22.49),
                                                                  ('00000000-0000-0000-0000-000000000019', 'HDMI Cable', '10000000-0000-0000-0000-000000000019', 8.49),
                                                                  ('00000000-0000-0000-0000-000000000020', 'Desk Lamp', '10000000-0000-0000-0000-000000000020', 28.00),
                                                                  ('00000000-0000-0000-0000-000000000021', 'Power Strip', '10000000-0000-0000-0000-000000000021', 14.00),
                                                                  ('00000000-0000-0000-0000-000000000022', 'Monitor Arm', '10000000-0000-0000-0000-000000000022', 55.00),
                                                                  ('00000000-0000-0000-0000-000000000023', 'Cable Organizer', '10000000-0000-0000-0000-000000000023', 11.99),
                                                                  ('00000000-0000-0000-0000-000000000024', 'USB Drive 64GB', '10000000-0000-0000-0000-000000000024', 9.90),
                                                                  ('00000000-0000-0000-0000-000000000025', 'Graphic Tablet', '10000000-0000-0000-0000-000000000025', 120.00),
                                                                  ('00000000-0000-0000-0000-000000000026', 'Laser Printer', '10000000-0000-0000-0000-000000000026', 160.00),
                                                                  ('00000000-0000-0000-0000-000000000027', 'Label Maker', '10000000-0000-0000-0000-000000000027', 30.00),
                                                                  ('00000000-0000-0000-0000-000000000028', 'Noise Cancelling Headphones', '10000000-0000-0000-0000-000000000028', 199.00),
                                                                  ('00000000-0000-0000-0000-000000000029', 'Surge Protector', '10000000-0000-0000-0000-000000000029', 18.00),
                                                                  ('00000000-0000-0000-0000-000000000030', 'USB Microphone', '10000000-0000-0000-0000-000000000030', 65.00);

INSERT INTO orders (uuid, comment, user_id, staff_id, order_cost, creation_date, finish_date, status) VALUES
                                                                                                          ('20000000-0000-0000-0000-000000000001', 'First test order',       '64b7f345c21a9b1f12345601', '74c2d987a19a4c2f82345601', 0.00, '2025-06-01 10:00:00', '2025-06-02 14:00:00', 'completed'),
                                                                                                          ('20000000-0000-0000-0000-000000000002', 'Urgent delivery',        '64b7f345c21a9b1f12345602', '74c2d987a19a4c2f82345602', 0.00, '2025-06-01 11:30:00', NULL,                 'processing'),
                                                                                                          ('20000000-0000-0000-0000-000000000003', 'Canceled order test',    '64b7f345c21a9b1f12345603', '74c2d987a19a4c2f82345603', 0.00, '2025-06-01 09:20:00', NULL,                 'cancelled'),
                                                                                                          ('20000000-0000-0000-0000-000000000004', 'Bulk hardware order',    '64b7f345c21a9b1f12345604', '74c2d987a19a4c2f82345604', 0.00, '2025-06-01 15:45:00', '2025-06-03 10:00:00', 'completed'),
                                                                                                          ('20000000-0000-0000-0000-000000000005', 'Miscellaneous items',    '64b7f345c21a9b1f12345605', '74c2d987a19a4c2f82345605', 0.00, '2025-06-02 13:30:00', NULL,                 'new');

-- Заказ 1
INSERT INTO order_products (product_uuid, order_uuid, result_price, amount) VALUES
                                                                                ('00000000-0000-0000-0000-000000000001', '20000000-0000-0000-0000-000000000001', 25.99, 2),
                                                                                ('00000000-0000-0000-0000-000000000002', '20000000-0000-0000-0000-000000000001', 19.49, 1),
                                                                                ('00000000-0000-0000-0000-000000000003', '20000000-0000-0000-0000-000000000001', 129.99, 1);

-- Заказ 2
INSERT INTO order_products (product_uuid, order_uuid, result_price, amount) VALUES
                                                                                ('00000000-0000-0000-0000-000000000005', '20000000-0000-0000-0000-000000000002', 45.00, 1),
                                                                                ('00000000-0000-0000-0000-000000000006', '20000000-0000-0000-0000-000000000002', 59.90, 1),
                                                                                ('00000000-0000-0000-0000-000000000014', '20000000-0000-0000-0000-000000000002', 47.99, 1),
                                                                                ('00000000-0000-0000-0000-000000000015', '20000000-0000-0000-0000-000000000002', 39.99, 2);

-- Заказ 3
INSERT INTO order_products (product_uuid, order_uuid, result_price, amount) VALUES
                                                                                ('00000000-0000-0000-0000-000000000020', '20000000-0000-0000-0000-000000000003', 28.00, 1),
                                                                                ('00000000-0000-0000-0000-000000000022', '20000000-0000-0000-0000-000000000003', 55.00, 1),
                                                                                ('00000000-0000-0000-0000-000000000019', '20000000-0000-0000-0000-000000000003', 8.49, 2);

-- Заказ 4
INSERT INTO order_products (product_uuid, order_uuid, result_price, amount) VALUES
                                                                                ('00000000-0000-0000-0000-000000000008', '20000000-0000-0000-0000-000000000004', 210.00, 1),
                                                                                ('00000000-0000-0000-0000-000000000009', '20000000-0000-0000-0000-000000000004', 180.00, 1),
                                                                                ('00000000-0000-0000-0000-000000000018', '20000000-0000-0000-0000-000000000004', 22.49, 1),
                                                                                ('00000000-0000-0000-0000-000000000007', '20000000-0000-0000-0000-000000000004', 74.90, 2),
                                                                                ('00000000-0000-0000-0000-000000000028', '20000000-0000-0000-0000-000000000004', 199.00, 1);

-- Заказ 5
INSERT INTO order_products (product_uuid, order_uuid, result_price, amount) VALUES
                                                                                ('00000000-0000-0000-0000-000000000010', '20000000-0000-0000-0000-000000000005', 3.50, 5),
                                                                                ('00000000-0000-0000-0000-000000000011', '20000000-0000-0000-0000-000000000005', 6.99, 2),
                                                                                ('00000000-0000-0000-0000-000000000016', '20000000-0000-0000-0000-000000000005', 15.00, 1),
                                                                                ('00000000-0000-0000-0000-000000000017', '20000000-0000-0000-0000-000000000005', 5.99, 3);

-- +goose StatementEnd

-- +goose Down
-- +goose StatementBegin

-- +goose StatementEnd